epoch,time,train/box_loss,train/cls_loss,train/dfl_loss,metrics/precision(B),metrics/recall(B),metrics/mAP50(B),metrics/mAP50-95(B),val/box_loss,val/cls_loss,val/dfl_loss,lr/pg0,lr/pg1,lr/pg2
1,1.35283,1.37088,4.98887,1.35662,0.00662,0.83333,0.00619,0.00456,1.08424,4.69199,1.12129,0,0,0
2,2.32921,1.35577,4.60823,1.5561,0.00656,0.83333,0.00628,0.00462,1.08679,4.68816,1.12322,1.22525e-05,1.22525e-05,1.22525e-05
3,3.2376,1.35157,4.57477,1.30349,0.00658,0.83333,0.00648,0.00478,1.07942,4.68492,1.12329,2.401e-05,2.401e-05,2.401e-05
4,4.12039,1.10453,5.08309,1.17314,0.00665,0.83333,0.00689,0.00509,1.07738,4.68669,1.12659,3.52725e-05,3.52725e-05,3.52725e-05
5,5.10534,1.13515,4.42578,1.21201,0.00668,0.83333,0.00779,0.00576,1.0774,4.68761,1.12722,4.604e-05,4.604e-05,4.604e-05
6,5.94178,1.16744,4.8933,1.11652,0.00678,0.83333,0.00888,0.00656,1.07474,4.67773,1.12875,5.63125e-05,5.63125e-05,5.63125e-05
7,6.78419,1.19402,5.29511,1.41841,0.00816,1,0.0111,0.00802,1.08633,4.69046,1.13161,6.609e-05,6.609e-05,6.609e-05
8,7.67498,1.23589,4.82014,1.40198,0.00833,1,0.01186,0.00859,1.08691,4.70101,1.13198,7.53725e-05,7.53725e-05,7.53725e-05
9,8.47634,1.28968,4.61804,1.24538,0.00833,1,0.01186,0.00859,1.08691,4.70101,1.13198,8.416e-05,8.416e-05,8.416e-05
10,9.36149,1.28345,4.46456,1.3051,0.00842,1,0.01456,0.01042,1.09201,4.71676,1.13579,9.24525e-05,9.24525e-05,9.24525e-05
11,10.335,1.28508,4.83898,1.27443,0.00842,1,0.01456,0.01042,1.09201,4.71676,1.13579,0.00010025,0.00010025,0.00010025
12,11.3207,1.23344,5.69954,1.25763,0.96094,1,0.995,0.90942,0.46951,2.41986,0.90051,0.000107553,0.000107553,0.000107553
13,12.8143,0.81976,2.74364,1.10594,0.96094,1,0.995,0.90942,0.46951,2.41986,0.90051,0.00011436,0.00011436,0.00011436
14,14.4284,1.01978,2.97657,1.26411,0.99149,1,0.995,0.90942,0.47846,1.96562,0.87608,0.000120672,0.000120672,0.000120672
15,15.8293,0.5373,2.15323,0.99488,0.99149,1,0.995,0.90942,0.47846,1.96562,0.87608,0.00012649,0.00012649,0.00012649
16,17.3767,0.5905,1.64188,0.91262,0.99152,1,0.995,0.92025,0.4585,1.63885,0.87914,0.000131813,0.000131813,0.000131813
17,19.1297,0.46426,1.29963,0.9413,0.99152,1,0.995,0.92025,0.4585,1.63885,0.87914,0.00013664,0.00013664,0.00013664
18,20.7309,0.58429,1.44055,0.96173,0.99224,1,0.995,0.90142,0.48379,1.46288,0.89198,0.000140972,0.000140972,0.000140972
19,22.0095,0.60828,1.61554,0.90691,0.99224,1,0.995,0.90142,0.48379,1.46288,0.89198,0.00014481,0.00014481,0.00014481
20,23.5055,0.47391,1.10871,0.82421,0.99238,1,0.995,0.8789,0.47765,1.45901,0.90045,0.000148153,0.000148153,0.000148153
21,24.909,0.56089,1.50507,0.94564,0.99238,1,0.995,0.8789,0.47765,1.45901,0.90045,0.000151,0.000151,0.000151
22,26.3807,0.52012,1.40113,0.90186,0.99258,1,0.995,0.9586,0.42426,1.56068,0.85898,0.000153353,0.000153353,0.000153353
23,27.8097,0.51235,1.21475,0.98564,0.99258,1,0.995,0.9586,0.42426,1.56068,0.85898,0.00015521,0.00015521,0.00015521
24,29.3889,0.55914,1.2827,0.91765,0.99258,1,0.995,0.9586,0.42426,1.56068,0.85898,0.000156573,0.000156573,0.000156573
25,30.9348,0.48491,1.19925,0.97418,0.99258,1,0.995,0.91693,0.49932,1.51476,0.88241,0.00015744,0.00015744,0.00015744
26,32.3168,0.67319,1.28504,1.08264,0.99258,1,0.995,0.91693,0.49932,1.51476,0.88241,0.000157812,0.000157812,0.000157812
27,33.6072,0.49595,1.10767,1.01316,0.99258,1,0.995,0.91693,0.49932,1.51476,0.88241,0.00015769,0.00015769,0.00015769
28,35.0537,0.70941,1.10397,1.04646,0.99245,1,0.995,0.9386,0.43035,1.17095,0.86398,0.000157072,0.000157072,0.000157072
29,36.4128,0.84517,1.15626,1.09574,0.99245,1,0.995,0.9386,0.43035,1.17095,0.86398,0.00015596,0.00015596,0.00015596
30,38.7541,0.53971,0.94933,1.01221,0.99245,1,0.995,0.9386,0.43035,1.17095,0.86398,0.000154352,0.000154352,0.000154352
31,40.7003,0.64255,1.63138,0.99976,0.9921,1,0.995,0.95233,0.33074,0.93086,0.8336,0.00015225,0.00015225,0.00015225
32,42.5872,0.42966,1.00072,0.84627,0.9921,1,0.995,0.95233,0.33074,0.93086,0.8336,0.000149652,0.000149652,0.000149652
33,44.1164,0.50947,1.01992,0.93882,0.9921,1,0.995,0.95233,0.33074,0.93086,0.8336,0.00014656,0.00014656,0.00014656
34,45.4385,0.39023,0.87179,0.92759,0.99208,1,0.995,0.995,0.31451,0.85379,0.83747,0.000142972,0.000142972,0.000142972
35,46.8939,0.49168,0.90199,0.85215,0.99208,1,0.995,0.995,0.31451,0.85379,0.83747,0.00013889,0.00013889,0.00013889
36,48.6652,0.44496,1.0615,0.8668,0.99208,1,0.995,0.995,0.31451,0.85379,0.83747,0.000134313,0.000134313,0.000134313
37,50.3499,0.37651,0.82927,0.93627,0.99208,1,0.995,0.995,0.31451,0.85379,0.83747,0.00012924,0.00012924,0.00012924
38,52.0318,0.51976,0.84105,0.84245,0.99241,1,0.995,0.995,0.3248,0.78731,0.84456,0.000123672,0.000123672,0.000123672
39,53.4854,0.41216,0.93624,0.92639,0.99241,1,0.995,0.995,0.3248,0.78731,0.84456,0.00011761,0.00011761,0.00011761
40,54.9268,0.4266,1.29112,0.95685,0.99241,1,0.995,0.995,0.3248,0.78731,0.84456,0.000111052,0.000111052,0.000111052
41,56.4533,0.32852,1.71467,0.83643,0.99241,1,0.995,0.995,0.3248,0.78731,0.84456,0.000104,0.000104,0.000104
42,58.0832,0.31338,1.53293,0.69773,0.99243,1,0.995,0.94533,0.35656,0.73907,0.84144,9.64525e-05,9.64525e-05,9.64525e-05
43,59.3436,0.33766,1.55459,0.92755,0.99243,1,0.995,0.94533,0.35656,0.73907,0.84144,8.841e-05,8.841e-05,8.841e-05
44,60.5229,0.36612,1.66059,0.84875,0.99243,1,0.995,0.94533,0.35656,0.73907,0.84144,7.98725e-05,7.98725e-05,7.98725e-05
45,61.7607,0.33902,1.57752,0.75954,0.99243,1,0.995,0.94533,0.35656,0.73907,0.84144,7.084e-05,7.084e-05,7.084e-05
46,62.9785,0.33666,1.59614,0.8802,0.99231,1,0.995,0.94533,0.35431,0.69889,0.83281,6.13125e-05,6.13125e-05,6.13125e-05
47,64.1116,0.33801,1.52771,0.93414,0.99231,1,0.995,0.94533,0.35431,0.69889,0.83281,5.129e-05,5.129e-05,5.129e-05
48,65.2845,0.31617,1.44721,0.84674,0.99231,1,0.995,0.94533,0.35431,0.69889,0.83281,4.07725e-05,4.07725e-05,4.07725e-05
49,66.4951,0.25335,1.4535,0.85671,0.99231,1,0.995,0.94533,0.35431,0.69889,0.83281,2.976e-05,2.976e-05,2.976e-05
50,67.8609,0.3107,1.52391,0.78012,0.99223,1,0.995,0.96783,0.34149,0.65337,0.82718,1.82525e-05,1.82525e-05,1.82525e-05
